{"0": {"plant_number": 0, "soil_requirement": 5.47945205479452, "light_requirement": 10.06711409395973, "temperature_maximum": 15.846994535519126, "temperature_minimum": 20.786516853932586, "humidity_requirement": 25.268817204301076}, "1": {"plant_number": 1, "soil_requirement": 30, "light_requirement": 35.57046979865772, "temperature_maximum": 40.98360655737705, "temperature_minimum": 45.50561797752809, "humidity_requirement": 50}, "2": {"plant_number": 2, "soil_requirement": 55.333333333333336, "light_requirement": 60.40268456375839, "temperature_maximum": 65.02732240437157, "temperature_minimum": 70.78651685393258, "humidity_requirement": 75.26881720430107}, "2": {"plant_number": 2, "soil_requirement": 55.333333333333336, "light_requirement": 60.40268456375839, "temperature_maximum": 65.02732240437157, "temperature_minimum": 70.78651685393258, "humidity_requirement": 75.26881720430107}}